frozen_pdb_manifest_version,selection_spec_id,pdb_id,release_date,experimental_method,modality,resolution_combined,resolution_band,polymer_entity_count,deposited_protein_instance_count,chain_id,protein_chains_in_entity,chain_length_metadata,chain_length_parsed,num_ca_atoms,fraction_ca_present,num_nonpolymer_ligands,nonpolymer_bound_components,ligand_state,has_metal,organism,is_membrane_annotated,qscore,clashscore,validation_available,validation_quality_fields,mmcif_deposited_url,validation_url_primary,pdb_stratum,entry_exclusion_code,mmcif_sha256,validation_pdf_sha256,download_status,parse_status,graph_status,topology_status
2026-04-02-pdb-neurips-v1,protein_domain_cath_rcsb_v1,101M,1998-04-08T00:00:00+0000,X-RAY DIFFRACTION,xray,2.07,lt_2p5,1,1,A,A,154,,,,3,"HEM,NBN",ligand_or_cofactor_bound,Y,Physeter catodon,N,,16.75,Y,"{""geometry.angles_rmsz"":0.56,""geometry.bonds_rmsz"":0.47,""geometry.clashscore"":16.75,""geometry.percent_ramachandran_outliers"":0.0,""geometry.percent_rotamer_outliers"":3.17,""summary.attempted_validation_steps"":""molprobity,validation-pack,xtriage,eds,mogul,buster-report,percentiles,writexml,writecif,writepdf"",""summary.ligands_for_buster_report"":""Y"",""summary.report_creation_date"":""2021-10-23T16:44:00+0000""}",https://files.rcsb.org/download/101M.cif,https://www.ebi.ac.uk/pdbe/entry-files/101m_validation.pdf,stress,,,,pending,pending,pending,pending
2026-04-02-pdb-neurips-v1,protein_domain_cath_rcsb_v1,102L,1993-10-31T00:00:00+0000,X-RAY DIFFRACTION,xray,1.74,lt_2p5,1,1,A,A,165,,,,2,BME,ligand_or_cofactor_bound,N,Enterobacteria phage T4,N,,6.44,Y,"{""geometry.angles_rmsz"":1.4,""geometry.bonds_rmsz"":1.0,""geometry.clashscore"":6.44,""geometry.percent_ramachandran_outliers"":0.0,""geometry.percent_rotamer_outliers"":4.44,""summary.attempted_validation_steps"":""molprobity,validation-pack,xtriage,eds,mogul,percentiles,writexml,writecif,writepdf"",""summary.ligands_for_buster_report"":""N"",""summary.report_creation_date"":""2024-01-27T18:53:00+0000""}",https://files.rcsb.org/download/102L.cif,https://www.ebi.ac.uk/pdbe/entry-files/102l_validation.pdf,stress,,,,pending,pending,pending,pending
2026-04-02-pdb-neurips-v1,protein_domain_cath_rcsb_v1,102M,1998-04-08T00:00:00+0000,X-RAY DIFFRACTION,xray,1.84,lt_2p5,1,1,A,A,154,,,,2,HEM,ligand_or_cofactor_bound,Y,Physeter catodon,N,,7.85,Y,"{""geometry.angles_rmsz"":0.53,""geometry.bonds_rmsz"":0.38,""geometry.clashscore"":7.85,""geometry.percent_ramachandran_outliers"":0.66,""geometry.percent_rotamer_outliers"":4.0,""summary.attempted_validation_steps"":""molprobity,validation-pack,xtriage,eds,mogul,buster-report,percentiles,writexml,writecif,writepdf"",""summary.ligands_for_buster_report"":""Y"",""summary.report_creation_date"":""2021-10-23T17:38:00+0000""}",https://files.rcsb.org/download/102M.cif,https://www.ebi.ac.uk/pdbe/entry-files/102m_validation.pdf,stress,,,,pending,pending,pending,pending
2026-04-02-pdb-neurips-v1,protein_domain_cath_rcsb_v1,103L,1993-10-31T00:00:00+0000,X-RAY DIFFRACTION,xray,1.9,lt_2p5,1,1,A,A,167,,,,2,BME,ligand_or_cofactor_bound,N,Enterobacteria phage T4,N,,15.16,Y,"{""geometry.angles_rmsz"":1.32,""geometry.bonds_rmsz"":0.98,""geometry.clashscore"":15.16,""geometry.percent_ramachandran_outliers"":0.65,""geometry.percent_rotamer_outliers"":6.06,""summary.attempted_validation_steps"":""molprobity,validation-pack,xtriage,eds,mogul,percentiles,writexml,writecif,writepdf"",""summary.ligands_for_buster_report"":""N"",""summary.report_creation_date"":""2024-01-27T19:40:00+0000""}",https://files.rcsb.org/download/103L.cif,https://www.ebi.ac.uk/pdbe/entry-files/103l_validation.pdf,stress,,,,pending,pending,pending,pending
2026-04-02-pdb-neurips-v1,protein_domain_cath_rcsb_v1,103M,1998-04-08T00:00:00+0000,X-RAY DIFFRACTION,xray,2.07,lt_2p5,1,1,A,A,154,,,,3,"HEM,NBN",ligand_or_cofactor_bound,Y,Physeter catodon,N,,10.14,Y,"{""geometry.angles_rmsz"":0.59,""geometry.bonds_rmsz"":0.47,""geometry.clashscore"":10.14,""geometry.percent_ramachandran_outliers"":0.0,""geometry.percent_rotamer_outliers"":4.0,""summary.attempted_validation_steps"":""molprobity,validation-pack,xtriage,eds,mogul,buster-report,percentiles,writexml,writecif,writepdf"",""summary.ligands_for_buster_report"":""Y"",""summary.report_creation_date"":""2021-10-23T19:27:00+0000""}",https://files.rcsb.org/download/103M.cif,https://www.ebi.ac.uk/pdbe/entry-files/103m_validation.pdf,stress,,,,pending,pending,pending,pending
2026-04-02-pdb-neurips-v1,protein_domain_cath_rcsb_v1,104M,1998-04-08T00:00:00+0000,X-RAY DIFFRACTION,xray,1.71,lt_2p5,1,1,A,A,153,,,,3,"HEM,NBN",ligand_or_cofactor_bound,Y,Physeter catodon,N,,7.84,Y,"{""geometry.angles_rmsz"":0.58,""geometry.bonds_rmsz"":0.43,""geometry.clashscore"":7.84,""geometry.percent_ramachandran_outliers"":0.66,""geometry.percent_rotamer_outliers"":1.6,""summary.attempted_validation_steps"":""molprobity,validation-pack,xtriage,eds,mogul,buster-report,percentiles,writexml,writecif,writepdf"",""summary.ligands_for_buster_report"":""Y"",""summary.report_creation_date"":""2024-01-27T16:29:00+0000""}",https://files.rcsb.org/download/104M.cif,https://www.ebi.ac.uk/pdbe/entry-files/104m_validation.pdf,stress,,,,pending,pending,pending,pending
2026-04-02-pdb-neurips-v1,protein_domain_cath_rcsb_v1,105M,1998-04-08T00:00:00+0000,X-RAY DIFFRACTION,xray,2.02,lt_2p5,1,1,A,A,153,,,,3,"HEM,NBN",ligand_or_cofactor_bound,Y,Physeter catodon,N,,16.07,Y,"{""geometry.angles_rmsz"":0.5,""geometry.bonds_rmsz"":0.31,""geometry.clashscore"":16.07,""geometry.percent_ramachandran_outliers"":0.0,""geometry.percent_rotamer_outliers"":2.4,""summary.attempted_validation_steps"":""molprobity,validation-pack,xtriage,eds,mogul,buster-report,percentiles,writexml,writecif,writepdf"",""summary.ligands_for_buster_report"":""Y"",""summary.report_creation_date"":""2024-01-27T20:26:00+0000""}",https://files.rcsb.org/download/105M.cif,https://www.ebi.ac.uk/pdbe/entry-files/105m_validation.pdf,stress,,,,pending,pending,pending,pending
2026-04-02-pdb-neurips-v1,protein_domain_cath_rcsb_v1,106M,1998-04-08T00:00:00+0000,X-RAY DIFFRACTION,xray,1.99,lt_2p5,1,1,A,A,154,,,,3,"ENC,HEM",ligand_or_cofactor_bound,Y,Physeter catodon,N,,7.0,Y,"{""geometry.angles_rmsz"":0.56,""geometry.bonds_rmsz"":0.45,""geometry.clashscore"":7.0,""geometry.percent_ramachandran_outliers"":0.0,""geometry.percent_rotamer_outliers"":3.17,""summary.attempted_validation_steps"":""molprobity,validation-pack,xtriage,eds,mogul,buster-report,percentiles,writexml,writecif,writepdf"",""summary.ligands_for_buster_report"":""Y"",""summary.report_creation_date"":""2021-10-23T12:53:00+0000""}",https://files.rcsb.org/download/106M.cif,https://www.ebi.ac.uk/pdbe/entry-files/106m_validation.pdf,stress,,,,pending,pending,pending,pending
2026-04-02-pdb-neurips-v1,protein_domain_cath_rcsb_v1,107L,1993-10-31T00:00:00+0000,X-RAY DIFFRACTION,xray,1.8,lt_2p5,1,1,A,A,164,,,,2,BME,ligand_or_cofactor_bound,N,Enterobacteria phage T4,N,,6.09,Y,"{""geometry.angles_rmsz"":1.43,""geometry.bonds_rmsz"":1.05,""geometry.clashscore"":6.09,""geometry.percent_ramachandran_outliers"":0.0,""geometry.percent_rotamer_outliers"":2.99,""summary.attempted_validation_steps"":""molprobity,validation-pack,xtriage,eds,mogul,percentiles,writexml,writecif,writepdf"",""summary.ligands_for_buster_report"":""N"",""summary.report_creation_date"":""2024-01-27T15:01:00+0000""}",https://files.rcsb.org/download/107L.cif,https://www.ebi.ac.uk/pdbe/entry-files/107l_validation.pdf,stress,,,,pending,pending,pending,pending
2026-04-02-pdb-neurips-v1,protein_domain_cath_rcsb_v1,107M,1998-04-08T00:00:00+0000,X-RAY DIFFRACTION,xray,2.09,lt_2p5,1,1,A,A,154,,,,3,"HEM,NBN",ligand_or_cofactor_bound,Y,Physeter catodon,N,,7.38,Y,"{""geometry.angles_rmsz"":0.52,""geometry.bonds_rmsz"":0.38,""geometry.clashscore"":7.38,""geometry.percent_ramachandran_outliers"":0.0,""geometry.percent_rotamer_outliers"":3.97,""summary.attempted_validation_steps"":""molprobity,validation-pack,xtriage,eds,mogul,buster-report,percentiles,writexml,writecif,writepdf"",""summary.ligands_for_buster_report"":""Y"",""summary.report_creation_date"":""2021-10-23T19:28:00+0000""}",https://files.rcsb.org/download/107M.cif,https://www.ebi.ac.uk/pdbe/entry-files/107m_validation.pdf,stress,,,,pending,pending,pending,pending
2026-04-02-pdb-neurips-v1,protein_domain_cath_rcsb_v1,108L,1993-10-31T00:00:00+0000,X-RAY DIFFRACTION,xray,1.8,lt_2p5,1,1,A,A,164,,,,2,BME,ligand_or_cofactor_bound,N,Enterobacteria phage T4,N,,6.44,Y,"{""geometry.angles_rmsz"":1.29,""geometry.bonds_rmsz"":0.95,""geometry.clashscore"":6.44,""geometry.percent_ramachandran_outliers"":0.0,""geometry.percent_rotamer_outliers"":2.22,""summary.attempted_validation_steps"":""molprobity,validation-pack,xtriage,eds,mogul,percentiles,writexml,writecif,writepdf"",""summary.ligands_for_buster_report"":""N"",""summary.report_creation_date"":""2024-01-27T14:28:00+0000""}",https://files.rcsb.org/download/108L.cif,https://www.ebi.ac.uk/pdbe/entry-files/108l_validation.pdf,stress,,,,pending,pending,pending,pending
2026-04-02-pdb-neurips-v1,protein_domain_cath_rcsb_v1,108M,1998-05-20T00:00:00+0000,X-RAY DIFFRACTION,xray,2.67,2p5_to_3p5,1,1,A,A,154,,,,3,HEM,ligand_or_cofactor_bound,Y,Physeter catodon,N,,25.6,Y,"{""geometry.angles_rmsz"":0.66,""geometry.bonds_rmsz"":0.58,""geometry.clashscore"":25.6,""geometry.percent_ramachandran_outliers"":0.0,""geometry.percent_rotamer_outliers"":5.56,""summary.attempted_validation_steps"":""molprobity,validation-pack,xtriage,eds,mogul,buster-report,percentiles,writexml,writecif,writepdf"",""summary.ligands_for_buster_report"":""Y"",""summary.report_creation_date"":""2021-10-23T16:10:00+0000""}",https://files.rcsb.org/download/108M.cif,https://www.ebi.ac.uk/pdbe/entry-files/108m_validation.pdf,stress,,,,pending,pending,pending,pending
2026-04-02-pdb-neurips-v1,protein_domain_cath_rcsb_v1,109L,1993-10-31T00:00:00+0000,X-RAY DIFFRACTION,xray,1.85,lt_2p5,1,1,A,A,164,,,,2,BME,ligand_or_cofactor_bound,N,Enterobacteria phage T4,N,,7.57,Y,"{""geometry.angles_rmsz"":1.45,""geometry.bonds_rmsz"":1.08,""geometry.clashscore"":7.57,""geometry.percent_ramachandran_outliers"":0.0,""geometry.percent_rotamer_outliers"":0.74,""summary.attempted_validation_steps"":""molprobity,validation-pack,xtriage,eds,mogul,percentiles,writexml,writecif,writepdf"",""summary.ligands_for_buster_report"":""N"",""summary.report_creation_date"":""2024-01-27T13:31:00+0000""}",https://files.rcsb.org/download/109L.cif,https://www.ebi.ac.uk/pdbe/entry-files/109l_validation.pdf,stress,,,,pending,pending,pending,pending
2026-04-02-pdb-neurips-v1,protein_domain_cath_rcsb_v1,109M,1998-04-08T00:00:00+0000,X-RAY DIFFRACTION,xray,1.83,lt_2p5,1,1,A,A,154,,,,3,"ENC,HEM",ligand_or_cofactor_bound,Y,Physeter catodon,N,,10.91,Y,"{""geometry.angles_rmsz"":0.58,""geometry.bonds_rmsz"":0.51,""geometry.clashscore"":10.91,""geometry.percent_ramachandran_outliers"":0.66,""geometry.percent_rotamer_outliers"":3.17,""summary.attempted_validation_steps"":""molprobity,validation-pack,xtriage,eds,mogul,buster-report,percentiles,writexml,writecif,writepdf"",""summary.ligands_for_buster_report"":""Y"",""summary.report_creation_date"":""2021-10-23T15:09:00+0000""}",https://files.rcsb.org/download/109M.cif,https://www.ebi.ac.uk/pdbe/entry-files/109m_validation.pdf,stress,,,,pending,pending,pending,pending
2026-04-02-pdb-neurips-v1,protein_domain_cath_rcsb_v1,10AF,2026-01-21T00:00:00+0000,X-RAY DIFFRACTION,xray,1.25,lt_2p5,1,1,A,A,179,,,,2,,ligand_or_cofactor_bound,N,Brugia malayi,N,,0.75,Y,"{""geometry.angles_rmsz"":0.58,""geometry.bonds_rmsz"":0.32,""geometry.clashscore"":0.75,""geometry.percent_ramachandran_outliers"":0.0,""geometry.percent_rotamer_outliers"":0.0,""summary.attempted_validation_steps"":""molprobity,validation-pack,xtriage,eds,mogul,validation_schema,percentiles,writexml,writecif,writepdf"",""summary.ligands_for_buster_report"":""N"",""summary.report_creation_date"":""2026-01-14T19:07:00+0000""}",https://files.rcsb.org/download/10AF.cif,https://www.ebi.ac.uk/pdbe/entry-files/10af_validation.pdf,stress,,,,pending,pending,pending,pending
2026-04-02-pdb-neurips-v1,protein_domain_cath_rcsb_v1,10DC,2026-02-11T00:00:00+0000,X-RAY DIFFRACTION,xray,2.08,lt_2p5,1,1,A,A,166,,,,2,"GNP,MG",ligand_or_cofactor_bound,Y,Homo sapiens,N,,3.21,Y,"{""geometry.angles_rmsz"":0.31,""geometry.bonds_rmsz"":0.16,""geometry.clashscore"":3.21,""geometry.percent_ramachandran_outliers"":0.0,""geometry.percent_rotamer_outliers"":0.0,""summary.attempted_validation_steps"":""molprobity,validation-pack,xtriage,eds,mogul,buster-report,validation_schema,percentiles,writexml,writecif,writepdf"",""summary.ligands_for_buster_report"":""Y"",""summary.report_creation_date"":""2026-02-05T21:06:00+0000""}",https://files.rcsb.org/download/10DC.cif,https://www.ebi.ac.uk/pdbe/entry-files/10dc_validation.pdf,stress,,,,pending,pending,pending,pending
2026-04-02-pdb-neurips-v1,protein_domain_cath_rcsb_v1,10KZ,2026-03-11T00:00:00+0000,X-RAY DIFFRACTION,xray,1.78,lt_2p5,1,1,A,A,307,,,,1,,ligand_or_cofactor_bound,N,Homo sapiens,N,,0.53,Y,"{""geometry.angles_rmsz"":1.0,""geometry.bonds_rmsz"":0.8,""geometry.clashscore"":0.53,""geometry.percent_ramachandran_outliers"":0.0,""geometry.percent_rotamer_outliers"":0.49,""summary.attempted_validation_steps"":""molprobity,validation-pack,xtriage,eds,mogul,buster-report,validation_schema,percentiles,writexml,writecif,writepdf"",""summary.ligands_for_buster_report"":""Y"",""summary.report_creation_date"":""2026-03-02T15:21:00+0000""}",https://files.rcsb.org/download/10KZ.cif,https://www.ebi.ac.uk/pdbe/entry-files/10kz_validation.pdf,stress,,,,pending,pending,pending,pending
2026-04-02-pdb-neurips-v1,protein_domain_cath_rcsb_v1,10LI,2026-02-11T00:00:00+0000,X-RAY DIFFRACTION,xray,1.67,lt_2p5,1,1,A,A,478,,,,7,NA,ligand_or_cofactor_bound,Y,Salmonella enterica subsp. enterica serovar Typhimurium,N,,2.86,Y,"{""geometry.angles_rmsz"":0.47,""geometry.bonds_rmsz"":0.24,""geometry.clashscore"":2.86,""geometry.percent_ramachandran_outliers"":0.0,""geometry.percent_rotamer_outliers"":0.25,""summary.attempted_validation_steps"":""molprobity,validation-pack,xtriage,eds,mogul,buster-report,validation_schema,percentiles,writexml,writecif,writepdf"",""summary.ligands_for_buster_report"":""Y"",""summary.report_creation_date"":""2026-02-03T13:02:00+0000""}",https://files.rcsb.org/download/10LI.cif,https://www.ebi.ac.uk/pdbe/entry-files/10li_validation.pdf,stress,,,,pending,pending,pending,pending
2026-04-02-pdb-neurips-v1,protein_domain_cath_rcsb_v1,10LR,2026-03-11T00:00:00+0000,X-RAY DIFFRACTION,xray,1.583,lt_2p5,1,1,A,A,275,,,,3,NAG,ligand_or_cofactor_bound,N,Homo sapiens,N,,1.06,Y,"{""geometry.angles_rmsz"":1.03,""geometry.bonds_rmsz"":0.86,""geometry.clashscore"":1.06,""geometry.percent_ramachandran_outliers"":0.0,""geometry.percent_rotamer_outliers"":2.48,""summary.attempted_validation_steps"":""molprobity,validation-pack,xtriage,eds,mogul,buster-report,validation_schema,percentiles,writexml,writecif,writepdf"",""summary.ligands_for_buster_report"":""Y"",""summary.report_creation_date"":""2026-03-02T15:21:00+0000""}",https://files.rcsb.org/download/10LR.cif,https://www.ebi.ac.uk/pdbe/entry-files/10lr_validation.pdf,stress,,,,pending,pending,pending,pending
2026-04-02-pdb-neurips-v1,protein_domain_cath_rcsb_v1,10MV,2026-04-01T00:00:00+0000,X-RAY DIFFRACTION,xray,1.66,lt_2p5,1,1,A,A,275,,,,3,NAG,ligand_or_cofactor_bound,N,Homo sapiens,N,,0.53,Y,"{""geometry.angles_rmsz"":1.0,""geometry.bonds_rmsz"":0.85,""geometry.clashscore"":0.53,""geometry.percent_ramachandran_outliers"":0.0,""geometry.percent_rotamer_outliers"":0.0,""summary.attempted_validation_steps"":""molprobity,validation-pack,xtriage,eds,mogul,buster-report,validation_schema,percentiles,writexml,writecif,writepdf"",""summary.ligands_for_buster_report"":""Y"",""summary.report_creation_date"":""2026-03-21T16:55:00+0000""}",https://files.rcsb.org/download/10MV.cif,https://www.ebi.ac.uk/pdbe/entry-files/10mv_validation.pdf,stress,,,,pending,pending,pending,pending
2026-04-02-pdb-neurips-v1,protein_domain_cath_rcsb_v1,10MW,2026-03-11T00:00:00+0000,X-RAY DIFFRACTION,xray,1.62,lt_2p5,1,1,A,A,275,,,,3,NAG,ligand_or_cofactor_bound,N,Homo sapiens,N,,1.07,Y,"{""geometry.angles_rmsz"":1.01,""geometry.bonds_rmsz"":0.85,""geometry.clashscore"":1.07,""geometry.percent_ramachandran_outliers"":0.0,""geometry.percent_rotamer_outliers"":1.0,""summary.attempted_validation_steps"":""molprobity,validation-pack,xtriage,eds,mogul,buster-report,validation_schema,percentiles,writexml,writecif,writepdf"",""summary.ligands_for_buster_report"":""Y"",""summary.report_creation_date"":""2026-03-02T15:25:00+0000""}",https://files.rcsb.org/download/10MW.cif,https://www.ebi.ac.uk/pdbe/entry-files/10mw_validation.pdf,stress,,,,pending,pending,pending,pending
2026-04-02-pdb-neurips-v1,protein_domain_cath_rcsb_v1,10PA,2026-02-11T00:00:00+0000,X-RAY DIFFRACTION,xray,1.92,lt_2p5,1,1,A,A,321,,,,3,CA,ligand_or_cofactor_bound,Y,Staphylococcus aureus subsp. aureus JH1,N,,3.49,Y,"{""geometry.angles_rmsz"":0.5,""geometry.bonds_rmsz"":0.31,""geometry.clashscore"":3.49,""geometry.percent_ramachandran_outliers"":0.0,""geometry.percent_rotamer_outliers"":0.35,""summary.attempted_validation_steps"":""molprobity,validation-pack,xtriage,eds,mogul,validation_schema,percentiles,writexml,writecif,writepdf"",""summary.ligands_for_buster_report"":""N"",""summary.report_creation_date"":""2026-02-04T21:02:00+0000""}",https://files.rcsb.org/download/10PA.cif,https://www.ebi.ac.uk/pdbe/entry-files/10pa_validation.pdf,stress,,,,pending,pending,pending,pending
2026-04-02-pdb-neurips-v1,protein_domain_cath_rcsb_v1,10PS,2026-02-11T00:00:00+0000,X-RAY DIFFRACTION,xray,2.0,lt_2p5,1,1,A,A,558,,,,5,CA,ligand_or_cofactor_bound,Y,Staphylococcus aureus subsp. aureus JH1,N,,2.11,Y,"{""geometry.angles_rmsz"":0.26,""geometry.bonds_rmsz"":0.08,""geometry.clashscore"":2.11,""geometry.percent_ramachandran_outliers"":0.0,""geometry.percent_rotamer_outliers"":0.41,""summary.attempted_validation_steps"":""molprobity,validation-pack,xtriage,eds,mogul,validation_schema,percentiles,writexml,writecif,writepdf"",""summary.ligands_for_buster_report"":""N"",""summary.report_creation_date"":""2026-02-04T21:02:00+0000""}",https://files.rcsb.org/download/10PS.cif,https://www.ebi.ac.uk/pdbe/entry-files/10ps_validation.pdf,stress,,,,pending,pending,pending,pending
2026-04-02-pdb-neurips-v1,protein_domain_cath_rcsb_v1,10QF,2026-02-25T00:00:00+0000,X-RAY DIFFRACTION,xray,1.627,lt_2p5,1,1,A,A,531,,,,6,"CD,CIT,EDO,NA",ligand_or_cofactor_bound,Y,Treponema denticola,N,,1.92,Y,"{""geometry.angles_rmsz"":1.0,""geometry.bonds_rmsz"":0.66,""geometry.clashscore"":1.92,""geometry.percent_ramachandran_outliers"":0.2,""geometry.percent_rotamer_outliers"":0.96,""summary.attempted_validation_steps"":""molprobity,validation-pack,xtriage,eds,mogul,buster-report,validation_schema,percentiles,writexml,writecif,writepdf"",""summary.ligands_for_buster_report"":""Y"",""summary.report_creation_date"":""2026-02-16T21:13:00+0000""}",https://files.rcsb.org/download/10QF.cif,https://www.ebi.ac.uk/pdbe/entry-files/10qf_validation.pdf,stress,,,,pending,pending,pending,pending
2026-04-02-pdb-neurips-v1,protein_domain_cath_rcsb_v1,10QG,2026-02-25T00:00:00+0000,X-RAY DIFFRACTION,xray,1.549,lt_2p5,1,1,A,A,531,,,,4,"CD,DAN,EDO",ligand_or_cofactor_bound,Y,Treponema denticola,N,,1.41,Y,"{""geometry.angles_rmsz"":0.96,""geometry.bonds_rmsz"":0.67,""geometry.clashscore"":1.41,""geometry.percent_ramachandran_outliers"":0.0,""geometry.percent_rotamer_outliers"":0.72,""summary.attempted_validation_steps"":""molprobity,validation-pack,xtriage,eds,mogul,buster-report,validation_schema,percentiles,writexml,writecif,writepdf"",""summary.ligands_for_buster_report"":""Y"",""summary.report_creation_date"":""2026-02-16T21:08:00+0000""}",https://files.rcsb.org/download/10QG.cif,https://www.ebi.ac.uk/pdbe/entry-files/10qg_validation.pdf,stress,,,,pending,pending,pending,pending
2026-04-02-pdb-neurips-v1,protein_domain_cath_rcsb_v1,10QH,2026-02-25T00:00:00+0000,X-RAY DIFFRACTION,xray,1.56,lt_2p5,1,1,A,A,531,,,,5,"CD,EDO,SLB",ligand_or_cofactor_bound,Y,Treponema denticola,N,,2.03,Y,"{""geometry.angles_rmsz"":1.01,""geometry.bonds_rmsz"":0.69,""geometry.clashscore"":2.03,""geometry.percent_ramachandran_outliers"":0.0,""geometry.percent_rotamer_outliers"":0.72,""summary.attempted_validation_steps"":""molprobity,validation-pack,xtriage,eds,mogul,buster-report,validation_schema,percentiles,writexml,writecif,writepdf"",""summary.ligands_for_buster_report"":""Y"",""summary.report_creation_date"":""2026-02-16T21:08:00+0000""}",https://files.rcsb.org/download/10QH.cif,https://www.ebi.ac.uk/pdbe/entry-files/10qh_validation.pdf,stress,,,,pending,pending,pending,pending
2026-04-02-pdb-neurips-v1,protein_domain_cath_rcsb_v1,10QI,2026-02-25T00:00:00+0000,X-RAY DIFFRACTION,xray,1.81,lt_2p5,1,1,A,A,531,,,,5,"CD,NA",ligand_or_cofactor_bound,Y,Treponema denticola,N,,1.61,Y,"{""geometry.angles_rmsz"":1.14,""geometry.bonds_rmsz"":0.85,""geometry.clashscore"":1.61,""geometry.percent_ramachandran_outliers"":0.2,""geometry.percent_rotamer_outliers"":0.97,""summary.attempted_validation_steps"":""molprobity,validation-pack,xtriage,eds,mogul,buster-report,validation_schema,percentiles,writexml,writecif,writepdf"",""summary.ligands_for_buster_report"":""Y"",""summary.report_creation_date"":""2026-02-16T21:07:00+0000""}",https://files.rcsb.org/download/10QI.cif,https://www.ebi.ac.uk/pdbe/entry-files/10qi_validation.pdf,stress,,,,pending,pending,pending,pending
2026-04-02-pdb-neurips-v1,protein_domain_cath_rcsb_v1,10QS,2026-03-11T00:00:00+0000,X-RAY DIFFRACTION,xray,1.733,lt_2p5,1,1,A,A,275,,,,2,,ligand_or_cofactor_bound,N,Homo sapiens,N,,1.57,Y,"{""geometry.angles_rmsz"":0.96,""geometry.bonds_rmsz"":0.76,""geometry.clashscore"":1.57,""geometry.percent_ramachandran_outliers"":0.0,""geometry.percent_rotamer_outliers"":0.97,""summary.attempted_validation_steps"":""molprobity,validation-pack,xtriage,eds,mogul,buster-report,validation_schema,percentiles,writexml,writecif,writepdf"",""summary.ligands_for_buster_report"":""Y"",""summary.report_creation_date"":""2026-03-02T15:24:00+0000""}",https://files.rcsb.org/download/10QS.cif,https://www.ebi.ac.uk/pdbe/entry-files/10qs_validation.pdf,stress,,,,pending,pending,pending,pending
2026-04-02-pdb-neurips-v1,protein_domain_cath_rcsb_v1,10YY,2026-02-25T00:00:00+0000,X-RAY DIFFRACTION,xray,2.95,2p5_to_3p5,1,1,A,A,191,,,,1,,ligand_or_cofactor_bound,N,Bordetella pertussis Tohama I,N,,14.1,Y,"{""geometry.angles_rmsz"":0.44,""geometry.bonds_rmsz"":0.28,""geometry.clashscore"":14.1,""geometry.percent_ramachandran_outliers"":0.0,""geometry.percent_rotamer_outliers"":1.41,""summary.attempted_validation_steps"":""molprobity,validation-pack,xtriage,eds,mogul,validation_schema,percentiles,writexml,writecif,writepdf"",""summary.ligands_for_buster_report"":""N"",""summary.report_creation_date"":""2026-02-16T17:05:00+0000""}",https://files.rcsb.org/download/10YY.cif,https://www.ebi.ac.uk/pdbe/entry-files/10yy_validation.pdf,stress,,,,pending,pending,pending,pending
2026-04-02-pdb-neurips-v1,protein_domain_cath_rcsb_v1,110D,1993-04-15T00:00:00+0000,X-RAY DIFFRACTION,xray,1.9,lt_2p5,0,1,A,A,6,,,,1,,ligand_or_cofactor_bound,N,,N,,3.94,Y,"{""geometry.angles_rmsz"":4.82,""geometry.bonds_rmsz"":2.83,""geometry.clashscore"":3.94,""summary.attempted_validation_steps"":""molprobity,validation-pack,xtriage,eds,mogul,buster-report,percentiles,writexml,writecif,writepdf"",""summary.ligands_for_buster_report"":""Y"",""summary.report_creation_date"":""2024-06-11T21:26:00+0000""}",https://files.rcsb.org/download/110D.cif,https://www.ebi.ac.uk/pdbe/entry-files/110d_validation.pdf,stress,length_outside_80_800;no_protein_polymer,,,pending,pending,pending,pending
2026-04-02-pdb-neurips-v1,protein_domain_cath_rcsb_v1,110L,1993-10-31T00:00:00+0000,X-RAY DIFFRACTION,xray,1.7,lt_2p5,1,1,A,A,164,,,,2,BME,ligand_or_cofactor_bound,N,Enterobacteria phage T4,N,,5.68,Y,"{""geometry.angles_rmsz"":1.29,""geometry.bonds_rmsz"":1.01,""geometry.clashscore"":5.68,""geometry.percent_ramachandran_outliers"":0.0,""geometry.percent_rotamer_outliers"":2.22,""summary.attempted_validation_steps"":""molprobity,validation-pack,xtriage,eds,mogul,percentiles,writexml,writecif,writepdf"",""summary.ligands_for_buster_report"":""N"",""summary.report_creation_date"":""2024-01-27T15:36:00+0000""}",https://files.rcsb.org/download/110L.cif,https://www.ebi.ac.uk/pdbe/entry-files/110l_validation.pdf,stress,,,,pending,pending,pending,pending
2026-04-02-pdb-neurips-v1,protein_domain_cath_rcsb_v1,110M,1998-04-08T00:00:00+0000,X-RAY DIFFRACTION,xray,1.77,lt_2p5,1,1,A,A,154,,,,3,"HEM,MNC",ligand_or_cofactor_bound,Y,Physeter catodon,N,,9.37,Y,"{""geometry.angles_rmsz"":0.54,""geometry.bonds_rmsz"":0.42,""geometry.clashscore"":9.37,""geometry.percent_ramachandran_outliers"":0.66,""geometry.percent_rotamer_outliers"":3.17,""summary.attempted_validation_steps"":""molprobity,validation-pack,xtriage,eds,mogul,buster-report,percentiles,writexml,writecif,writepdf"",""summary.ligands_for_buster_report"":""Y"",""summary.report_creation_date"":""2021-10-23T13:55:00+0000""}",https://files.rcsb.org/download/110M.cif,https://www.ebi.ac.uk/pdbe/entry-files/110m_validation.pdf,stress,,,,pending,pending,pending,pending
2026-04-02-pdb-neurips-v1,protein_domain_cath_rcsb_v1,111L,1993-10-31T00:00:00+0000,X-RAY DIFFRACTION,xray,1.8,lt_2p5,1,1,A,A,164,,,,1,,ligand_or_cofactor_bound,N,Enterobacteria phage T4,N,,9.56,Y,"{""geometry.angles_rmsz"":1.31,""geometry.bonds_rmsz"":0.99,""geometry.clashscore"":9.56,""geometry.percent_ramachandran_outliers"":0.0,""geometry.percent_rotamer_outliers"":4.44,""summary.attempted_validation_steps"":""molprobity,validation-pack,xtriage,eds,mogul,percentiles,writexml,writecif,writepdf"",""summary.ligands_for_buster_report"":""N"",""summary.report_creation_date"":""2024-01-27T17:39:00+0000""}",https://files.rcsb.org/download/111L.cif,https://www.ebi.ac.uk/pdbe/entry-files/111l_validation.pdf,stress,,,,pending,pending,pending,pending
2026-04-02-pdb-neurips-v1,protein_domain_cath_rcsb_v1,111M,1998-04-08T00:00:00+0000,X-RAY DIFFRACTION,xray,1.88,lt_2p5,1,1,A,A,154,,,,3,"HEM,NBN",ligand_or_cofactor_bound,Y,Physeter catodon,N,,14.39,Y,"{""geometry.angles_rmsz"":0.54,""geometry.bonds_rmsz"":0.41,""geometry.clashscore"":14.39,""geometry.percent_ramachandran_outliers"":0.0,""geometry.percent_rotamer_outliers"":1.59,""summary.attempted_validation_steps"":""molprobity,validation-pack,xtriage,eds,mogul,buster-report,percentiles,writexml,writecif,writepdf"",""summary.ligands_for_buster_report"":""Y"",""summary.report_creation_date"":""2021-10-23T20:45:00+0000""}",https://files.rcsb.org/download/111M.cif,https://www.ebi.ac.uk/pdbe/entry-files/111m_validation.pdf,stress,,,,pending,pending,pending,pending
2026-04-02-pdb-neurips-v1,protein_domain_cath_rcsb_v1,112L,1993-10-31T00:00:00+0000,X-RAY DIFFRACTION,xray,1.8,lt_2p5,1,1,A,A,164,,,,2,BME,ligand_or_cofactor_bound,N,Enterobacteria phage T4,N,,6.07,Y,"{""geometry.angles_rmsz"":1.34,""geometry.bonds_rmsz"":1.03,""geometry.clashscore"":6.07,""geometry.percent_ramachandran_outliers"":0.0,""geometry.percent_rotamer_outliers"":4.44,""summary.attempted_validation_steps"":""molprobity,validation-pack,xtriage,eds,mogul,percentiles,writexml,writecif,writepdf"",""summary.ligands_for_buster_report"":""N"",""summary.report_creation_date"":""2024-01-27T14:53:00+0000""}",https://files.rcsb.org/download/112L.cif,https://www.ebi.ac.uk/pdbe/entry-files/112l_validation.pdf,stress,,,,pending,pending,pending,pending
2026-04-02-pdb-neurips-v1,protein_domain_cath_rcsb_v1,112M,1998-04-08T00:00:00+0000,X-RAY DIFFRACTION,xray,2.34,lt_2p5,1,1,A,A,154,,,,3,"HEM,NPN",ligand_or_cofactor_bound,Y,Physeter catodon,N,,10.12,Y,"{""geometry.angles_rmsz"":0.48,""geometry.bonds_rmsz"":0.29,""geometry.clashscore"":10.12,""geometry.percent_ramachandran_outliers"":0.0,""geometry.percent_rotamer_outliers"":2.38,""summary.attempted_validation_steps"":""molprobity,validation-pack,xtriage,eds,mogul,buster-report,percentiles,writexml,writecif,writepdf"",""summary.ligands_for_buster_report"":""Y"",""summary.report_creation_date"":""2021-10-23T19:51:00+0000""}",https://files.rcsb.org/download/112M.cif,https://www.ebi.ac.uk/pdbe/entry-files/112m_validation.pdf,stress,,,,pending,pending,pending,pending
2026-04-02-pdb-neurips-v1,protein_domain_cath_rcsb_v1,113L,1993-10-31T00:00:00+0000,X-RAY DIFFRACTION,xray,1.8,lt_2p5,1,1,A,A,164,,,,2,BME,ligand_or_cofactor_bound,N,Enterobacteria phage T4,N,,3.78,Y,"{""geometry.angles_rmsz"":1.36,""geometry.bonds_rmsz"":0.97,""geometry.clashscore"":3.78,""geometry.percent_ramachandran_outliers"":0.0,""geometry.percent_rotamer_outliers"":2.22,""summary.attempted_validation_steps"":""molprobity,validation-pack,xtriage,eds,mogul,percentiles,writexml,writecif,writepdf"",""summary.ligands_for_buster_report"":""N"",""summary.report_creation_date"":""2024-01-27T17:28:00+0000""}",https://files.rcsb.org/download/113L.cif,https://www.ebi.ac.uk/pdbe/entry-files/113l_validation.pdf,stress,,,,pending,pending,pending,pending
2026-04-02-pdb-neurips-v1,protein_domain_cath_rcsb_v1,114L,1993-10-31T00:00:00+0000,X-RAY DIFFRACTION,xray,1.8,lt_2p5,1,1,A,A,164,,,,2,BME,ligand_or_cofactor_bound,N,Enterobacteria phage T4,N,,2.66,Y,"{""geometry.angles_rmsz"":1.27,""geometry.bonds_rmsz"":0.95,""geometry.clashscore"":2.66,""geometry.percent_ramachandran_outliers"":0.0,""geometry.percent_rotamer_outliers"":1.48,""summary.attempted_validation_steps"":""molprobity,validation-pack,xtriage,eds,mogul,percentiles,writexml,writecif,writepdf"",""summary.ligands_for_buster_report"":""N"",""summary.report_creation_date"":""2024-01-27T15:58:00+0000""}",https://files.rcsb.org/download/114L.cif,https://www.ebi.ac.uk/pdbe/entry-files/114l_validation.pdf,stress,,,,pending,pending,pending,pending
2026-04-02-pdb-neurips-v1,protein_domain_cath_rcsb_v1,115L,1993-10-31T00:00:00+0000,X-RAY DIFFRACTION,xray,1.8,lt_2p5,1,1,A,A,164,,,,2,BME,ligand_or_cofactor_bound,N,Enterobacteria phage T4,N,,5.31,Y,"{""geometry.angles_rmsz"":1.4,""geometry.bonds_rmsz"":1.01,""geometry.clashscore"":5.31,""geometry.percent_ramachandran_outliers"":0.0,""geometry.percent_rotamer_outliers"":2.96,""summary.attempted_validation_steps"":""molprobity,validation-pack,xtriage,eds,mogul,percentiles,writexml,writecif,writepdf"",""summary.ligands_for_buster_report"":""N"",""summary.report_creation_date"":""2024-01-27T13:52:00+0000""}",https://files.rcsb.org/download/115L.cif,https://www.ebi.ac.uk/pdbe/entry-files/115l_validation.pdf,stress,,,,pending,pending,pending,pending
2026-04-02-pdb-neurips-v1,protein_domain_cath_rcsb_v1,116D,1993-04-15T00:00:00+0000,X-RAY DIFFRACTION,xray,2.5,2p5_to_3p5,0,1,A,A,12,,,,0,,apo_like,N,,N,,13.19,Y,"{""geometry.angles_rmsz"":2.79,""geometry.bonds_rmsz"":1.74,""geometry.clashscore"":13.19,""summary.attempted_validation_steps"":""molprobity,validation-pack,xtriage,eds,percentiles,writexml,writecif,writepdf"",""summary.ligands_for_buster_report"":""N"",""summary.report_creation_date"":""2024-06-11T21:34:00+0000""}",https://files.rcsb.org/download/116D.cif,https://www.ebi.ac.uk/pdbe/entry-files/116d_validation.pdf,core_xray,length_outside_80_800;no_protein_polymer,,,pending,pending,pending,pending
2026-04-02-pdb-neurips-v1,protein_domain_cath_rcsb_v1,117D,1993-04-15T00:00:00+0000,X-RAY DIFFRACTION,xray,2.55,2p5_to_3p5,0,1,A,A,12,,,,0,,apo_like,N,,N,,21.11,Y,"{""geometry.angles_rmsz"":2.59,""geometry.bonds_rmsz"":1.54,""geometry.clashscore"":21.11,""summary.attempted_validation_steps"":""molprobity,validation-pack,xtriage,eds,percentiles,writexml,writecif,writepdf"",""summary.ligands_for_buster_report"":""N"",""summary.report_creation_date"":""2023-03-13T18:01:00+0000""}",https://files.rcsb.org/download/117D.cif,https://www.ebi.ac.uk/pdbe/entry-files/117d_validation.pdf,stress,length_outside_80_800;no_protein_polymer,,,pending,pending,pending,pending
2026-04-02-pdb-neurips-v1,protein_domain_cath_rcsb_v1,118D,1993-02-11T00:00:00+0000,X-RAY DIFFRACTION,xray,1.64,lt_2p5,0,1,A,A,8,,,,0,,apo_like,N,,N,,11.9,Y,"{""geometry.angles_rmsz"":2.46,""geometry.bonds_rmsz"":1.52,""geometry.clashscore"":11.9,""summary.attempted_validation_steps"":""molprobity,validation-pack,xtriage,eds,percentiles,writexml,writecif,writepdf"",""summary.ligands_for_buster_report"":""N"",""summary.report_creation_date"":""2023-03-13T18:02:00+0000""}",https://files.rcsb.org/download/118D.cif,https://www.ebi.ac.uk/pdbe/entry-files/118d_validation.pdf,core_xray,length_outside_80_800;no_protein_polymer,,,pending,pending,pending,pending
2026-04-02-pdb-neurips-v1,protein_domain_cath_rcsb_v1,118L,1993-10-31T00:00:00+0000,X-RAY DIFFRACTION,xray,1.8,lt_2p5,1,1,A,A,164,,,,2,BME,ligand_or_cofactor_bound,N,Enterobacteria phage T4,N,,5.7,Y,"{""geometry.angles_rmsz"":1.3,""geometry.bonds_rmsz"":0.98,""geometry.clashscore"":5.7,""geometry.percent_ramachandran_outliers"":0.0,""geometry.percent_rotamer_outliers"":0.74,""summary.attempted_validation_steps"":""molprobity,validation-pack,xtriage,eds,mogul,percentiles,writexml,writecif,writepdf"",""summary.ligands_for_buster_report"":""N"",""summary.report_creation_date"":""2024-01-27T16:00:00+0000""}",https://files.rcsb.org/download/118L.cif,https://www.ebi.ac.uk/pdbe/entry-files/118l_validation.pdf,stress,,,,pending,pending,pending,pending
2026-04-02-pdb-neurips-v1,protein_domain_cath_rcsb_v1,119L,1993-10-31T00:00:00+0000,X-RAY DIFFRACTION,xray,1.65,lt_2p5,1,1,A,A,164,,,,2,BME,ligand_or_cofactor_bound,N,Enterobacteria phage T4,N,,4.94,Y,"{""geometry.angles_rmsz"":1.32,""geometry.bonds_rmsz"":1.0,""geometry.clashscore"":4.94,""geometry.percent_ramachandran_outliers"":0.0,""geometry.percent_rotamer_outliers"":3.68,""summary.attempted_validation_steps"":""molprobity,validation-pack,xtriage,eds,mogul,percentiles,writexml,writecif,writepdf"",""summary.ligands_for_buster_report"":""N"",""summary.report_creation_date"":""2024-01-27T21:02:00+0000""}",https://files.rcsb.org/download/119L.cif,https://www.ebi.ac.uk/pdbe/entry-files/119l_validation.pdf,stress,,,,pending,pending,pending,pending
2026-04-02-pdb-neurips-v1,protein_domain_cath_rcsb_v1,11HY,2026-03-11T00:00:00+0000,X-RAY DIFFRACTION,xray,1.8,lt_2p5,1,1,A,A,189,,,,3,,ligand_or_cofactor_bound,N,Bordetella pertussis Tohama I,N,,2.05,Y,"{""geometry.angles_rmsz"":0.32,""geometry.bonds_rmsz"":0.17,""geometry.clashscore"":2.05,""geometry.percent_ramachandran_outliers"":0.0,""geometry.percent_rotamer_outliers"":0.0,""summary.attempted_validation_steps"":""molprobity,validation-pack,xtriage,eds,mogul,buster-report,validation_schema,percentiles,writexml,writecif,writepdf"",""summary.ligands_for_buster_report"":""Y"",""summary.report_creation_date"":""2026-03-02T15:24:00+0000""}",https://files.rcsb.org/download/11HY.cif,https://www.ebi.ac.uk/pdbe/entry-files/11hy_validation.pdf,stress,,,,pending,pending,pending,pending
2026-04-02-pdb-neurips-v1,protein_domain_cath_rcsb_v1,11IF,2026-03-11T00:00:00+0000,X-RAY DIFFRACTION,xray,1.51,lt_2p5,1,1,A,A,189,,,,2,CA,ligand_or_cofactor_bound,Y,Bordetella pertussis Tohama I,N,,3.33,Y,"{""geometry.angles_rmsz"":0.47,""geometry.bonds_rmsz"":0.31,""geometry.clashscore"":3.33,""geometry.percent_ramachandran_outliers"":0.0,""geometry.percent_rotamer_outliers"":0.67,""summary.attempted_validation_steps"":""molprobity,validation-pack,xtriage,eds,mogul,buster-report,validation_schema,percentiles,writexml,writecif,writepdf"",""summary.ligands_for_buster_report"":""Y"",""summary.report_creation_date"":""2026-03-02T15:20:00+0000""}",https://files.rcsb.org/download/11IF.cif,https://www.ebi.ac.uk/pdbe/entry-files/11if_validation.pdf,stress,,,,pending,pending,pending,pending
2026-04-02-pdb-neurips-v1,protein_domain_cath_rcsb_v1,11MM,2026-03-18T00:00:00+0000,X-RAY DIFFRACTION,xray,2.69,2p5_to_3p5,1,1,A,A,594,,,,3,,ligand_or_cofactor_bound,N,Homo sapiens,Y,,14.05,Y,"{""geometry.angles_rmsz"":0.35,""geometry.bonds_rmsz"":0.2,""geometry.clashscore"":14.05,""geometry.percent_ramachandran_outliers"":0.0,""geometry.percent_rotamer_outliers"":0.23,""summary.attempted_validation_steps"":""molprobity,validation-pack,xtriage,eds,mogul,buster-report,validation_schema,percentiles,writexml,writecif,writepdf"",""summary.ligands_for_buster_report"":""Y"",""summary.report_creation_date"":""2026-03-12T18:06:00+0000""}",https://files.rcsb.org/download/11MM.cif,https://www.ebi.ac.uk/pdbe/entry-files/11mm_validation.pdf,stress,,,,pending,pending,pending,pending
2026-04-02-pdb-neurips-v1,protein_domain_cath_rcsb_v1,11QE,2026-03-25T00:00:00+0000,X-RAY DIFFRACTION,xray,1.23,lt_2p5,1,1,A,A,170,,,,3,"GDP,MG",ligand_or_cofactor_bound,Y,Homo sapiens,N,,2.16,Y,"{""geometry.angles_rmsz"":0.52,""geometry.bonds_rmsz"":0.35,""geometry.clashscore"":2.16,""geometry.percent_ramachandran_outliers"":0.0,""geometry.percent_rotamer_outliers"":0.0,""summary.attempted_validation_steps"":""molprobity,validation-pack,xtriage,eds,mogul,buster-report,validation_schema,percentiles,writexml,writecif,writepdf"",""summary.ligands_for_buster_report"":""Y"",""summary.report_creation_date"":""2026-03-17T16:15:00+0000""}",https://files.rcsb.org/download/11QE.cif,https://www.ebi.ac.uk/pdbe/entry-files/11qe_validation.pdf,stress,,,,pending,pending,pending,pending
2026-04-02-pdb-neurips-v1,protein_domain_cath_rcsb_v1,11TE,2026-03-25T00:00:00+0000,X-RAY DIFFRACTION,xray,1.55,lt_2p5,1,1,A,A,227,,,,3,,ligand_or_cofactor_bound,N,Bordetella pertussis Tohama I,N,,7.44,Y,"{""geometry.angles_rmsz"":0.59,""geometry.bonds_rmsz"":0.43,""geometry.clashscore"":7.44,""geometry.percent_ramachandran_outliers"":0.0,""geometry.percent_rotamer_outliers"":0.64,""summary.attempted_validation_steps"":""molprobity,validation-pack,xtriage,eds,mogul,buster-report,validation_schema,percentiles,writexml,writecif,writepdf"",""summary.ligands_for_buster_report"":""Y"",""summary.report_creation_date"":""2026-03-16T18:03:00+0000""}",https://files.rcsb.org/download/11TE.cif,https://www.ebi.ac.uk/pdbe/entry-files/11te_validation.pdf,stress,,,,pending,pending,pending,pending
2026-04-02-pdb-neurips-v1,protein_domain_cath_rcsb_v1,11YC,2026-03-25T00:00:00+0000,X-RAY DIFFRACTION,xray,2.41,lt_2p5,1,1,B,B,594,,,,4,,ligand_or_cofactor_bound,N,Homo sapiens,Y,,6.8,Y,"{""geometry.angles_rmsz"":0.29,""geometry.bonds_rmsz"":0.15,""geometry.clashscore"":6.8,""geometry.percent_ramachandran_outliers"":0.0,""geometry.percent_rotamer_outliers"":0.0,""summary.attempted_validation_steps"":""molprobity,validation-pack,xtriage,eds,mogul,buster-report,validation_schema,percentiles,writexml,writecif,writepdf"",""summary.ligands_for_buster_report"":""Y"",""summary.report_creation_date"":""2026-03-19T16:16:00+0000""}",https://files.rcsb.org/download/11YC.cif,https://www.ebi.ac.uk/pdbe/entry-files/11yc_validation.pdf,stress,,,,pending,pending,pending,pending
2026-04-02-pdb-neurips-v1,protein_domain_cath_rcsb_v1,120L,1993-10-31T00:00:00+0000,X-RAY DIFFRACTION,xray,1.8,lt_2p5,1,1,A,A,164,,,,2,BME,ligand_or_cofactor_bound,N,Enterobacteria phage T4,N,,6.46,Y,"{""geometry.angles_rmsz"":1.4,""geometry.bonds_rmsz"":1.06,""geometry.clashscore"":6.46,""geometry.percent_ramachandran_outliers"":0.0,""geometry.percent_rotamer_outliers"":2.94,""summary.attempted_validation_steps"":""molprobity,validation-pack,xtriage,eds,mogul,percentiles,writexml,writecif,writepdf"",""summary.ligands_for_buster_report"":""N"",""summary.report_creation_date"":""2024-01-27T15:54:00+0000""}",https://files.rcsb.org/download/120L.cif,https://www.ebi.ac.uk/pdbe/entry-files/120l_validation.pdf,stress,,,,pending,pending,pending,pending
2026-04-02-pdb-neurips-v1,protein_domain_cath_rcsb_v1,121P,1994-01-31T00:00:00+0000,X-RAY DIFFRACTION,xray,1.54,lt_2p5,1,1,A,A,166,,,,2,"GCP,MG",ligand_or_cofactor_bound,Y,Homo sapiens,N,,4.89,Y,"{""geometry.angles_rmsz"":1.54,""geometry.bonds_rmsz"":0.73,""geometry.clashscore"":4.89,""geometry.percent_ramachandran_outliers"":0.61,""geometry.percent_rotamer_outliers"":4.86,""summary.attempted_validation_steps"":""molprobity,validation-pack,mogul,buster-report,percentiles,writexml,writecif,writepdf"",""summary.ligands_for_buster_report"":""Y"",""summary.report_creation_date"":""2024-01-27T17:47:00+0000""}",https://files.rcsb.org/download/121P.cif,https://www.ebi.ac.uk/pdbe/entry-files/121p_validation.pdf,stress,,,,pending,pending,pending,pending
2026-04-02-pdb-neurips-v1,protein_domain_cath_rcsb_v1,122L,1993-10-31T00:00:00+0000,X-RAY DIFFRACTION,xray,1.8,lt_2p5,1,1,A,A,164,,,,2,BME,ligand_or_cofactor_bound,N,Enterobacteria phage T4,N,,1.9,Y,"{""geometry.angles_rmsz"":1.27,""geometry.bonds_rmsz"":1.01,""geometry.clashscore"":1.9,""geometry.percent_ramachandran_outliers"":0.0,""geometry.percent_rotamer_outliers"":2.21,""summary.attempted_validation_steps"":""molprobity,validation-pack,xtriage,eds,mogul,percentiles,writexml,writecif,writepdf"",""summary.ligands_for_buster_report"":""N"",""summary.report_creation_date"":""2024-01-27T21:39:00+0000""}",https://files.rcsb.org/download/122L.cif,https://www.ebi.ac.uk/pdbe/entry-files/122l_validation.pdf,stress,,,,pending,pending,pending,pending
2026-04-02-pdb-neurips-v1,protein_domain_cath_rcsb_v1,123L,1993-10-31T00:00:00+0000,X-RAY DIFFRACTION,xray,1.8,lt_2p5,1,1,A,A,164,,,,2,BME,ligand_or_cofactor_bound,N,Enterobacteria phage T4,N,,3.8,Y,"{""geometry.angles_rmsz"":1.27,""geometry.bonds_rmsz"":0.96,""geometry.clashscore"":3.8,""geometry.percent_ramachandran_outliers"":0.0,""geometry.percent_rotamer_outliers"":2.21,""summary.attempted_validation_steps"":""molprobity,validation-pack,xtriage,eds,mogul,percentiles,writexml,writecif,writepdf"",""summary.ligands_for_buster_report"":""N"",""summary.report_creation_date"":""2024-01-27T20:46:00+0000""}",https://files.rcsb.org/download/123L.cif,https://www.ebi.ac.uk/pdbe/entry-files/123l_validation.pdf,stress,,,,pending,pending,pending,pending
2026-04-02-pdb-neurips-v1,protein_domain_cath_rcsb_v1,125L,1993-10-31T00:00:00+0000,X-RAY DIFFRACTION,xray,1.85,lt_2p5,1,1,A,A,164,,,,2,BME,ligand_or_cofactor_bound,N,Enterobacteria phage T4,N,,5.7,Y,"{""geometry.angles_rmsz"":1.26,""geometry.bonds_rmsz"":0.97,""geometry.clashscore"":5.7,""geometry.percent_ramachandran_outliers"":0.0,""geometry.percent_rotamer_outliers"":2.21,""summary.attempted_validation_steps"":""molprobity,validation-pack,xtriage,eds,mogul,percentiles,writexml,writecif,writepdf"",""summary.ligands_for_buster_report"":""N"",""summary.report_creation_date"":""2024-01-27T17:54:00+0000""}",https://files.rcsb.org/download/125L.cif,https://www.ebi.ac.uk/pdbe/entry-files/125l_validation.pdf,stress,,,,pending,pending,pending,pending
2026-04-02-pdb-neurips-v1,protein_domain_cath_rcsb_v1,126L,1993-10-31T00:00:00+0000,X-RAY DIFFRACTION,xray,1.8,lt_2p5,1,1,A,A,164,,,,2,BME,ligand_or_cofactor_bound,N,Enterobacteria phage T4,N,,6.47,Y,"{""geometry.angles_rmsz"":1.26,""geometry.bonds_rmsz"":0.95,""geometry.clashscore"":6.47,""geometry.percent_ramachandran_outliers"":0.0,""geometry.percent_rotamer_outliers"":2.96,""summary.attempted_validation_steps"":""molprobity,validation-pack,xtriage,eds,mogul,percentiles,writexml,writecif,writepdf"",""summary.ligands_for_buster_report"":""N"",""summary.report_creation_date"":""2024-01-27T17:01:00+0000""}",https://files.rcsb.org/download/126L.cif,https://www.ebi.ac.uk/pdbe/entry-files/126l_validation.pdf,stress,,,,pending,pending,pending,pending
2026-04-02-pdb-neurips-v1,protein_domain_cath_rcsb_v1,127L,1993-10-31T00:00:00+0000,X-RAY DIFFRACTION,xray,1.85,lt_2p5,1,1,A,A,164,,,,2,BME,ligand_or_cofactor_bound,N,Enterobacteria phage T4,N,,6.46,Y,"{""geometry.angles_rmsz"":1.29,""geometry.bonds_rmsz"":0.97,""geometry.clashscore"":6.46,""geometry.percent_ramachandran_outliers"":0.0,""geometry.percent_rotamer_outliers"":3.7,""summary.attempted_validation_steps"":""molprobity,validation-pack,xtriage,eds,mogul,percentiles,writexml,writecif,writepdf"",""summary.ligands_for_buster_report"":""N"",""summary.report_creation_date"":""2024-01-27T20:31:00+0000""}",https://files.rcsb.org/download/127L.cif,https://www.ebi.ac.uk/pdbe/entry-files/127l_validation.pdf,stress,,,,pending,pending,pending,pending
2026-04-02-pdb-neurips-v1,protein_domain_cath_rcsb_v1,128L,1993-10-31T00:00:00+0000,X-RAY DIFFRACTION,xray,1.7,lt_2p5,1,1,A,A,164,,,,2,BME,ligand_or_cofactor_bound,N,Enterobacteria phage T4,N,,9.51,Y,"{""geometry.angles_rmsz"":1.29,""geometry.bonds_rmsz"":0.98,""geometry.clashscore"":9.51,""geometry.percent_ramachandran_outliers"":0.0,""geometry.percent_rotamer_outliers"":2.22,""summary.attempted_validation_steps"":""molprobity,validation-pack,xtriage,eds,mogul,percentiles,writexml,writecif,writepdf"",""summary.ligands_for_buster_report"":""N"",""summary.report_creation_date"":""2024-01-27T18:46:00+0000""}",https://files.rcsb.org/download/128L.cif,https://www.ebi.ac.uk/pdbe/entry-files/128l_validation.pdf,stress,,,,pending,pending,pending,pending
2026-04-02-pdb-neurips-v1,protein_domain_cath_rcsb_v1,129L,1994-01-31T00:00:00+0000,X-RAY DIFFRACTION,xray,1.7,lt_2p5,1,1,A,A,164,,,,2,BME,ligand_or_cofactor_bound,N,Enterobacteria phage T4,N,,5.31,Y,"{""geometry.angles_rmsz"":1.75,""geometry.bonds_rmsz"":1.07,""geometry.clashscore"":5.31,""geometry.percent_ramachandran_outliers"":0.0,""geometry.percent_rotamer_outliers"":5.15,""summary.attempted_validation_steps"":""molprobity,validation-pack,xtriage,eds,mogul,percentiles,writexml,writecif,writepdf"",""summary.ligands_for_buster_report"":""N"",""summary.report_creation_date"":""2024-01-27T14:34:00+0000""}",https://files.rcsb.org/download/129L.cif,https://www.ebi.ac.uk/pdbe/entry-files/129l_validation.pdf,stress,,,,pending,pending,pending,pending
2026-04-02-pdb-neurips-v1,protein_domain_cath_rcsb_v1,12AK,2026-04-01T00:00:00+0000,X-RAY DIFFRACTION,xray,1.37,lt_2p5,1,1,A,A,133,,,,3,A1CKY,ligand_or_cofactor_bound,N,Homo sapiens,N,,12.69,Y,"{""geometry.angles_rmsz"":0.72,""geometry.bonds_rmsz"":0.98,""geometry.clashscore"":12.69,""geometry.percent_ramachandran_outliers"":0.0,""geometry.percent_rotamer_outliers"":0.85,""summary.attempted_validation_steps"":""molprobity,validation-pack,xtriage,eds,mogul,buster-report,validation_schema,percentiles,writexml,writecif,writepdf"",""summary.ligands_for_buster_report"":""Y"",""summary.report_creation_date"":""2026-03-26T16:06:00+0000""}",https://files.rcsb.org/download/12AK.cif,https://www.ebi.ac.uk/pdbe/entry-files/12ak_validation.pdf,stress,,,,pending,pending,pending,pending
2026-04-02-pdb-neurips-v1,protein_domain_cath_rcsb_v1,12CA,1992-10-15T00:00:00+0000,X-RAY DIFFRACTION,xray,2.4,lt_2p5,1,1,A,A,260,,,,2,ZN,ligand_or_cofactor_bound,Y,Homo sapiens,N,,17.48,Y,"{""geometry.angles_rmsz"":1.57,""geometry.bonds_rmsz"":1.47,""geometry.clashscore"":17.48,""geometry.percent_ramachandran_outliers"":0.8,""geometry.percent_rotamer_outliers"":4.11,""summary.attempted_validation_steps"":""molprobity,validation-pack,mogul,percentiles,writexml,writecif,writepdf"",""summary.ligands_for_buster_report"":""N"",""summary.report_creation_date"":""2024-01-27T20:28:00+0000""}",https://files.rcsb.org/download/12CA.cif,https://www.ebi.ac.uk/pdbe/entry-files/12ca_validation.pdf,stress,,,,pending,pending,pending,pending
2026-04-02-pdb-neurips-v1,protein_domain_cath_rcsb_v1,130L,1994-01-31T00:00:00+0000,X-RAY DIFFRACTION,xray,1.7,lt_2p5,1,1,A,A,164,,,,2,BME,ligand_or_cofactor_bound,N,Enterobacteria phage T4,N,,2.66,Y,"{""geometry.angles_rmsz"":1.66,""geometry.bonds_rmsz"":1.1,""geometry.clashscore"":2.66,""geometry.percent_ramachandran_outliers"":0.0,""geometry.percent_rotamer_outliers"":2.22,""summary.attempted_validation_steps"":""molprobity,validation-pack,xtriage,eds,mogul,percentiles,writexml,writecif,writepdf"",""summary.ligands_for_buster_report"":""N"",""summary.report_creation_date"":""2024-01-27T16:54:00+0000""}",https://files.rcsb.org/download/130L.cif,https://www.ebi.ac.uk/pdbe/entry-files/130l_validation.pdf,stress,,,,pending,pending,pending,pending
2026-04-02-pdb-neurips-v1,protein_domain_cath_rcsb_v1,131L,1994-01-31T00:00:00+0000,X-RAY DIFFRACTION,xray,1.7,lt_2p5,1,1,A,A,164,,,,2,BME,ligand_or_cofactor_bound,N,Enterobacteria phage T4,N,,8.37,Y,"{""geometry.angles_rmsz"":1.63,""geometry.bonds_rmsz"":1.02,""geometry.clashscore"":8.37,""geometry.percent_ramachandran_outliers"":0.0,""geometry.percent_rotamer_outliers"":3.7,""summary.attempted_validation_steps"":""molprobity,validation-pack,xtriage,eds,mogul,percentiles,writexml,writecif,writepdf"",""summary.ligands_for_buster_report"":""N"",""summary.report_creation_date"":""2024-01-27T14:03:00+0000""}",https://files.rcsb.org/download/131L.cif,https://www.ebi.ac.uk/pdbe/entry-files/131l_validation.pdf,stress,,,,pending,pending,pending,pending
2026-04-02-pdb-neurips-v1,protein_domain_cath_rcsb_v1,132L,1993-10-31T00:00:00+0000,X-RAY DIFFRACTION,xray,1.8,lt_2p5,1,1,A,A,129,,,,0,,apo_like,N,Gallus gallus,N,,9.05,Y,"{""geometry.angles_rmsz"":1.2,""geometry.bonds_rmsz"":0.65,""geometry.clashscore"":9.05,""geometry.percent_ramachandran_outliers"":0.0,""geometry.percent_rotamer_outliers"":7.0,""summary.attempted_validation_steps"":""molprobity,validation-pack,mogul,validation_schema,percentiles,writexml,writecif,writepdf"",""summary.ligands_for_buster_report"":""N"",""summary.report_creation_date"":""2025-03-12T18:00:00+0000""}",https://files.rcsb.org/download/132L.cif,https://www.ebi.ac.uk/pdbe/entry-files/132l_validation.pdf,core_xray,,,,pending,pending,pending,pending
2026-04-02-pdb-neurips-v1,protein_domain_cath_rcsb_v1,133L,1993-10-31T00:00:00+0000,X-RAY DIFFRACTION,xray,1.77,lt_2p5,1,1,A,A,130,,,,0,,apo_like,N,Homo sapiens,N,,5.46,Y,"{""geometry.angles_rmsz"":1.68,""geometry.bonds_rmsz"":0.85,""geometry.clashscore"":5.46,""geometry.percent_ramachandran_outliers"":0.0,""geometry.percent_rotamer_outliers"":5.71,""summary.attempted_validation_steps"":""molprobity,validation-pack,xtriage,eds,percentiles,writexml,writecif,writepdf"",""summary.ligands_for_buster_report"":""N"",""summary.report_creation_date"":""2024-10-19T19:18:00+0000""}",https://files.rcsb.org/download/133L.cif,https://www.ebi.ac.uk/pdbe/entry-files/133l_validation.pdf,core_xray,,,,pending,pending,pending,pending
2026-04-02-pdb-neurips-v1,protein_domain_cath_rcsb_v1,134L,1993-10-31T00:00:00+0000,X-RAY DIFFRACTION,xray,1.77,lt_2p5,1,1,A,A,130,,,,0,,apo_like,N,Homo sapiens,N,,2.98,Y,"{""geometry.angles_rmsz"":1.69,""geometry.bonds_rmsz"":0.78,""geometry.clashscore"":2.98,""geometry.percent_ramachandran_outliers"":0.0,""geometry.percent_rotamer_outliers"":6.67,""summary.attempted_validation_steps"":""molprobity,validation-pack,xtriage,eds,percentiles,writexml,writecif,writepdf"",""summary.ligands_for_buster_report"":""N"",""summary.report_creation_date"":""2024-10-19T15:50:00+0000""}",https://files.rcsb.org/download/134L.cif,https://www.ebi.ac.uk/pdbe/entry-files/134l_validation.pdf,core_xray,,,,pending,pending,pending,pending
2026-04-02-pdb-neurips-v1,protein_domain_cath_rcsb_v1,135L,1993-10-31T00:00:00+0000,X-RAY DIFFRACTION,xray,1.3,lt_2p5,1,1,A,A,129,,,,0,,apo_like,N,Meleagris gallopavo,N,,5.13,Y,"{""geometry.angles_rmsz"":1.71,""geometry.bonds_rmsz"":0.9,""geometry.clashscore"":5.13,""geometry.percent_ramachandran_outliers"":0.0,""geometry.percent_rotamer_outliers"":10.68,""summary.attempted_validation_steps"":""molprobity,validation-pack,xtriage,eds,percentiles,writexml,writecif,writepdf"",""summary.ligands_for_buster_report"":""N"",""summary.report_creation_date"":""2024-06-12T18:01:00+0000""}",https://files.rcsb.org/download/135L.cif,https://www.ebi.ac.uk/pdbe/entry-files/135l_validation.pdf,core_xray,,,,pending,pending,pending,pending
2026-04-02-pdb-neurips-v1,protein_domain_cath_rcsb_v1,138D,1994-01-15T00:00:00+0000,X-RAY DIFFRACTION,xray,1.8,lt_2p5,0,1,A,A,10,,,,0,,apo_like,N,,N,,0.0,Y,"{""geometry.angles_rmsz"":2.34,""geometry.bonds_rmsz"":1.65,""geometry.clashscore"":0.0,""summary.attempted_validation_steps"":""molprobity,validation-pack,xtriage,eds,percentiles,writexml,writecif,writepdf"",""summary.ligands_for_buster_report"":""N"",""summary.report_creation_date"":""2024-06-11T21:56:00+0000""}",https://files.rcsb.org/download/138D.cif,https://www.ebi.ac.uk/pdbe/entry-files/138d_validation.pdf,core_xray,length_outside_80_800;no_protein_polymer,,,pending,pending,pending,pending
2026-04-02-pdb-neurips-v1,protein_domain_cath_rcsb_v1,138L,1994-01-31T00:00:00+0000,X-RAY DIFFRACTION,xray,1.7,lt_2p5,1,1,A,A,164,,,,2,BME,ligand_or_cofactor_bound,N,Enterobacteria phage T4,N,,6.1,Y,"{""geometry.angles_rmsz"":1.44,""geometry.bonds_rmsz"":1.06,""geometry.clashscore"":6.1,""geometry.percent_ramachandran_outliers"":0.0,""geometry.percent_rotamer_outliers"":3.68,""summary.attempted_validation_steps"":""molprobity,validation-pack,xtriage,eds,mogul,percentiles,writexml,writecif,writepdf"",""summary.ligands_for_buster_report"":""N"",""summary.report_creation_date"":""2024-01-27T17:49:00+0000""}",https://files.rcsb.org/download/138L.cif,https://www.ebi.ac.uk/pdbe/entry-files/138l_validation.pdf,stress,,,,pending,pending,pending,pending
2026-04-02-pdb-neurips-v1,protein_domain_cath_rcsb_v1,139L,1994-01-31T00:00:00+0000,X-RAY DIFFRACTION,xray,1.7,lt_2p5,1,1,A,A,164,,,,2,BME,ligand_or_cofactor_bound,N,Enterobacteria phage T4,N,,8.37,Y,"{""geometry.angles_rmsz"":1.57,""geometry.bonds_rmsz"":2.94,""geometry.clashscore"":8.37,""geometry.percent_ramachandran_outliers"":0.0,""geometry.percent_rotamer_outliers"":2.94,""summary.attempted_validation_steps"":""molprobity,validation-pack,xtriage,eds_mogul,validation_schema,percentiles,writexml,writecif,writepdf"",""summary.ligands_for_buster_report"":""N"",""summary.report_creation_date"":""2025-03-20T20:02:00+0000""}",https://files.rcsb.org/download/139L.cif,https://www.ebi.ac.uk/pdbe/entry-files/139l_validation.pdf,stress,,,,pending,pending,pending,pending
